source,target,seed,coop_acc,coop_log,safe_acc,safe_log,legacy_acc,legacy_log,safe_delta,legacy_delta,safe_minus_legacy,complete
caltech101,oxford_pets,1,72.0,third_party/CoOp_clean/output/xd/test/oxford_pets/source_caltech101/shots_16/CoOp/rn50_ep50/nctx16_cscFalse_ctpend/seed1/log.txt,66.7,third_party/CoOp_clean/output/xd/test/oxford_pets/source_caltech101/shots_16/CoOpPriorRes/rn50_ep50/nctx16_cscFalse_ctpend_safe_noalt/seed1/log.txt,68.8,third_party/CoOp_clean/output/xd/test/oxford_pets/source_caltech101/shots_16/CoOpPriorRes/rn50_ep50/nctx16_cscFalse_ctpend_legacy_noalt/seed1/log.txt,-5.299999999999997,-3.200000000000003,-2.0999999999999943,True
caltech101,oxford_pets,2,72.1,third_party/CoOp_clean/output/xd/test/oxford_pets/source_caltech101/shots_16/CoOp/rn50_ep50/nctx16_cscFalse_ctpend/seed2/log.txt,76.6,third_party/CoOp_clean/output/xd/test/oxford_pets/source_caltech101/shots_16/CoOpPriorRes/rn50_ep50/nctx16_cscFalse_ctpend_safe_noalt/seed2/log.txt,76.8,third_party/CoOp_clean/output/xd/test/oxford_pets/source_caltech101/shots_16/CoOpPriorRes/rn50_ep50/nctx16_cscFalse_ctpend_legacy_noalt/seed2/log.txt,4.5,4.700000000000003,-0.20000000000000284,True
caltech101,oxford_pets,3,73.4,third_party/CoOp_clean/output/xd/test/oxford_pets/source_caltech101/shots_16/CoOp/rn50_ep50/nctx16_cscFalse_ctpend/seed3/log.txt,69.1,third_party/CoOp_clean/output/xd/test/oxford_pets/source_caltech101/shots_16/CoOpPriorRes/rn50_ep50/nctx16_cscFalse_ctpend_safe_noalt/seed3/log.txt,72.5,third_party/CoOp_clean/output/xd/test/oxford_pets/source_caltech101/shots_16/CoOpPriorRes/rn50_ep50/nctx16_cscFalse_ctpend_legacy_noalt/seed3/log.txt,-4.300000000000011,-0.9000000000000057,-3.4000000000000057,True
caltech101,eurosat,1,14.1,third_party/CoOp_clean/output/xd/test/eurosat/source_caltech101/shots_16/CoOp/rn50_ep50/nctx16_cscFalse_ctpend/seed1/log.txt,25.7,third_party/CoOp_clean/output/xd/test/eurosat/source_caltech101/shots_16/CoOpPriorRes/rn50_ep50/nctx16_cscFalse_ctpend_safe_noalt/seed1/log.txt,23.8,third_party/CoOp_clean/output/xd/test/eurosat/source_caltech101/shots_16/CoOpPriorRes/rn50_ep50/nctx16_cscFalse_ctpend_legacy_noalt/seed1/log.txt,11.6,9.700000000000001,1.8999999999999986,True
caltech101,eurosat,2,27.3,third_party/CoOp_clean/output/xd/test/eurosat/source_caltech101/shots_16/CoOp/rn50_ep50/nctx16_cscFalse_ctpend/seed2/log.txt,28.8,third_party/CoOp_clean/output/xd/test/eurosat/source_caltech101/shots_16/CoOpPriorRes/rn50_ep50/nctx16_cscFalse_ctpend_safe_noalt/seed2/log.txt,24.9,third_party/CoOp_clean/output/xd/test/eurosat/source_caltech101/shots_16/CoOpPriorRes/rn50_ep50/nctx16_cscFalse_ctpend_legacy_noalt/seed2/log.txt,1.5,-2.400000000000002,3.900000000000002,True
caltech101,eurosat,3,21.9,third_party/CoOp_clean/output/xd/test/eurosat/source_caltech101/shots_16/CoOp/rn50_ep50/nctx16_cscFalse_ctpend/seed3/log.txt,21.1,third_party/CoOp_clean/output/xd/test/eurosat/source_caltech101/shots_16/CoOpPriorRes/rn50_ep50/nctx16_cscFalse_ctpend_safe_noalt/seed3/log.txt,20.5,third_party/CoOp_clean/output/xd/test/eurosat/source_caltech101/shots_16/CoOpPriorRes/rn50_ep50/nctx16_cscFalse_ctpend_legacy_noalt/seed3/log.txt,-0.7999999999999972,-1.3999999999999986,0.6000000000000014,True
caltech101,dtd,1,32.8,third_party/CoOp_clean/output/xd/test/dtd/source_caltech101/shots_16/CoOp/rn50_ep50/nctx16_cscFalse_ctpend/seed1/log.txt,30.3,third_party/CoOp_clean/output/xd/test/dtd/source_caltech101/shots_16/CoOpPriorRes/rn50_ep50/nctx16_cscFalse_ctpend_safe_noalt/seed1/log.txt,29.0,third_party/CoOp_clean/output/xd/test/dtd/source_caltech101/shots_16/CoOpPriorRes/rn50_ep50/nctx16_cscFalse_ctpend_legacy_noalt/seed1/log.txt,-2.4999999999999964,-3.799999999999997,1.3000000000000007,True
caltech101,dtd,2,28.5,third_party/CoOp_clean/output/xd/test/dtd/source_caltech101/shots_16/CoOp/rn50_ep50/nctx16_cscFalse_ctpend/seed2/log.txt,33.1,third_party/CoOp_clean/output/xd/test/dtd/source_caltech101/shots_16/CoOpPriorRes/rn50_ep50/nctx16_cscFalse_ctpend_safe_noalt/seed2/log.txt,33.5,third_party/CoOp_clean/output/xd/test/dtd/source_caltech101/shots_16/CoOpPriorRes/rn50_ep50/nctx16_cscFalse_ctpend_legacy_noalt/seed2/log.txt,4.600000000000001,5.0,-0.3999999999999986,True
caltech101,dtd,3,26.7,third_party/CoOp_clean/output/xd/test/dtd/source_caltech101/shots_16/CoOp/rn50_ep50/nctx16_cscFalse_ctpend/seed3/log.txt,31.7,third_party/CoOp_clean/output/xd/test/dtd/source_caltech101/shots_16/CoOpPriorRes/rn50_ep50/nctx16_cscFalse_ctpend_safe_noalt/seed3/log.txt,30.0,third_party/CoOp_clean/output/xd/test/dtd/source_caltech101/shots_16/CoOpPriorRes/rn50_ep50/nctx16_cscFalse_ctpend_legacy_noalt/seed3/log.txt,5.0,3.3000000000000007,1.6999999999999993,True
caltech101,food101,1,66.6,third_party/CoOp_clean/output/xd/test/food101/source_caltech101/shots_16/CoOp/rn50_ep50/nctx16_cscFalse_ctpend/seed1/log.txt,69.2,third_party/CoOp_clean/output/xd/test/food101/source_caltech101/shots_16/CoOpPriorRes/rn50_ep50/nctx16_cscFalse_ctpend_safe_noalt/seed1/log.txt,70.3,third_party/CoOp_clean/output/xd/test/food101/source_caltech101/shots_16/CoOpPriorRes/rn50_ep50/nctx16_cscFalse_ctpend_legacy_noalt/seed1/log.txt,2.6000000000000085,3.700000000000003,-1.0999999999999943,True
caltech101,food101,2,62.7,third_party/CoOp_clean/output/xd/test/food101/source_caltech101/shots_16/CoOp/rn50_ep50/nctx16_cscFalse_ctpend/seed2/log.txt,64.7,third_party/CoOp_clean/output/xd/test/food101/source_caltech101/shots_16/CoOpPriorRes/rn50_ep50/nctx16_cscFalse_ctpend_safe_noalt/seed2/log.txt,64.0,third_party/CoOp_clean/output/xd/test/food101/source_caltech101/shots_16/CoOpPriorRes/rn50_ep50/nctx16_cscFalse_ctpend_legacy_noalt/seed2/log.txt,2.0,1.2999999999999972,0.7000000000000028,True
caltech101,food101,3,65.5,third_party/CoOp_clean/output/xd/test/food101/source_caltech101/shots_16/CoOp/rn50_ep50/nctx16_cscFalse_ctpend/seed3/log.txt,65.7,third_party/CoOp_clean/output/xd/test/food101/source_caltech101/shots_16/CoOpPriorRes/rn50_ep50/nctx16_cscFalse_ctpend_safe_noalt/seed3/log.txt,65.9,third_party/CoOp_clean/output/xd/test/food101/source_caltech101/shots_16/CoOpPriorRes/rn50_ep50/nctx16_cscFalse_ctpend_legacy_noalt/seed3/log.txt,0.20000000000000284,0.4000000000000057,-0.20000000000000284,True
caltech101,oxford_flowers,1,52.1,third_party/CoOp_clean/output/xd/test/oxford_flowers/source_caltech101/shots_16/CoOp/rn50_ep50/nctx16_cscFalse_ctpend/seed1/log.txt,50.1,third_party/CoOp_clean/output/xd/test/oxford_flowers/source_caltech101/shots_16/CoOpPriorRes/rn50_ep50/nctx16_cscFalse_ctpend_safe_noalt/seed1/log.txt,52.1,third_party/CoOp_clean/output/xd/test/oxford_flowers/source_caltech101/shots_16/CoOpPriorRes/rn50_ep50/nctx16_cscFalse_ctpend_legacy_noalt/seed1/log.txt,-2.0,0.0,-2.0,True
caltech101,oxford_flowers,2,45.5,third_party/CoOp_clean/output/xd/test/oxford_flowers/source_caltech101/shots_16/CoOp/rn50_ep50/nctx16_cscFalse_ctpend/seed2/log.txt,48.4,third_party/CoOp_clean/output/xd/test/oxford_flowers/source_caltech101/shots_16/CoOpPriorRes/rn50_ep50/nctx16_cscFalse_ctpend_safe_noalt/seed2/log.txt,46.5,third_party/CoOp_clean/output/xd/test/oxford_flowers/source_caltech101/shots_16/CoOpPriorRes/rn50_ep50/nctx16_cscFalse_ctpend_legacy_noalt/seed2/log.txt,2.8999999999999986,1.0,1.8999999999999986,True
caltech101,oxford_flowers,3,48.2,third_party/CoOp_clean/output/xd/test/oxford_flowers/source_caltech101/shots_16/CoOp/rn50_ep50/nctx16_cscFalse_ctpend/seed3/log.txt,49.5,third_party/CoOp_clean/output/xd/test/oxford_flowers/source_caltech101/shots_16/CoOpPriorRes/rn50_ep50/nctx16_cscFalse_ctpend_safe_noalt/seed3/log.txt,50.6,third_party/CoOp_clean/output/xd/test/oxford_flowers/source_caltech101/shots_16/CoOpPriorRes/rn50_ep50/nctx16_cscFalse_ctpend_legacy_noalt/seed3/log.txt,1.2999999999999972,2.3999999999999986,-1.1000000000000014,True
caltech101,stanford_cars,1,51.2,third_party/CoOp_clean/output/xd/test/stanford_cars/source_caltech101/shots_16/CoOp/rn50_ep50/nctx16_cscFalse_ctpend/seed1/log.txt,51.5,third_party/CoOp_clean/output/xd/test/stanford_cars/source_caltech101/shots_16/CoOpPriorRes/rn50_ep50/nctx16_cscFalse_ctpend_safe_noalt/seed1/log.txt,53.1,third_party/CoOp_clean/output/xd/test/stanford_cars/source_caltech101/shots_16/CoOpPriorRes/rn50_ep50/nctx16_cscFalse_ctpend_legacy_noalt/seed1/log.txt,0.29999999999999716,1.8999999999999986,-1.6000000000000014,True
caltech101,stanford_cars,2,50.0,third_party/CoOp_clean/output/xd/test/stanford_cars/source_caltech101/shots_16/CoOp/rn50_ep50/nctx16_cscFalse_ctpend/seed2/log.txt,42.9,third_party/CoOp_clean/output/xd/test/stanford_cars/source_caltech101/shots_16/CoOpPriorRes/rn50_ep50/nctx16_cscFalse_ctpend_safe_noalt/seed2/log.txt,44.5,third_party/CoOp_clean/output/xd/test/stanford_cars/source_caltech101/shots_16/CoOpPriorRes/rn50_ep50/nctx16_cscFalse_ctpend_legacy_noalt/seed2/log.txt,-7.100000000000001,-5.5,-1.6000000000000014,True
caltech101,stanford_cars,3,49.8,third_party/CoOp_clean/output/xd/test/stanford_cars/source_caltech101/shots_16/CoOp/rn50_ep50/nctx16_cscFalse_ctpend/seed3/log.txt,49.3,third_party/CoOp_clean/output/xd/test/stanford_cars/source_caltech101/shots_16/CoOpPriorRes/rn50_ep50/nctx16_cscFalse_ctpend_safe_noalt/seed3/log.txt,51.2,third_party/CoOp_clean/output/xd/test/stanford_cars/source_caltech101/shots_16/CoOpPriorRes/rn50_ep50/nctx16_cscFalse_ctpend_legacy_noalt/seed3/log.txt,-0.5,1.4000000000000057,-1.9000000000000057,True
caltech101,fgvc_aircraft,1,13.4,third_party/CoOp_clean/output/xd/test/fgvc_aircraft/source_caltech101/shots_16/CoOp/rn50_ep50/nctx16_cscFalse_ctpend/seed1/log.txt,11.3,third_party/CoOp_clean/output/xd/test/fgvc_aircraft/source_caltech101/shots_16/CoOpPriorRes/rn50_ep50/nctx16_cscFalse_ctpend_safe_noalt/seed1/log.txt,11.5,third_party/CoOp_clean/output/xd/test/fgvc_aircraft/source_caltech101/shots_16/CoOpPriorRes/rn50_ep50/nctx16_cscFalse_ctpend_legacy_noalt/seed1/log.txt,-2.0999999999999996,-1.9000000000000004,-0.1999999999999993,True
caltech101,fgvc_aircraft,2,11.0,third_party/CoOp_clean/output/xd/test/fgvc_aircraft/source_caltech101/shots_16/CoOp/rn50_ep50/nctx16_cscFalse_ctpend/seed2/log.txt,10.8,third_party/CoOp_clean/output/xd/test/fgvc_aircraft/source_caltech101/shots_16/CoOpPriorRes/rn50_ep50/nctx16_cscFalse_ctpend_safe_noalt/seed2/log.txt,11.5,third_party/CoOp_clean/output/xd/test/fgvc_aircraft/source_caltech101/shots_16/CoOpPriorRes/rn50_ep50/nctx16_cscFalse_ctpend_legacy_noalt/seed2/log.txt,-0.1999999999999993,0.5,-0.6999999999999993,True
caltech101,fgvc_aircraft,3,10.1,third_party/CoOp_clean/output/xd/test/fgvc_aircraft/source_caltech101/shots_16/CoOp/rn50_ep50/nctx16_cscFalse_ctpend/seed3/log.txt,11.5,third_party/CoOp_clean/output/xd/test/fgvc_aircraft/source_caltech101/shots_16/CoOpPriorRes/rn50_ep50/nctx16_cscFalse_ctpend_safe_noalt/seed3/log.txt,10.3,third_party/CoOp_clean/output/xd/test/fgvc_aircraft/source_caltech101/shots_16/CoOpPriorRes/rn50_ep50/nctx16_cscFalse_ctpend_legacy_noalt/seed3/log.txt,1.4000000000000004,0.20000000000000107,1.1999999999999993,True
caltech101,ucf101,1,47.0,third_party/CoOp_clean/output/xd/test/ucf101/source_caltech101/shots_16/CoOp/rn50_ep50/nctx16_cscFalse_ctpend/seed1/log.txt,47.0,third_party/CoOp_clean/output/xd/test/ucf101/source_caltech101/shots_16/CoOpPriorRes/rn50_ep50/nctx16_cscFalse_ctpend_safe_noalt/seed1/log.txt,47.6,third_party/CoOp_clean/output/xd/test/ucf101/source_caltech101/shots_16/CoOpPriorRes/rn50_ep50/nctx16_cscFalse_ctpend_legacy_noalt/seed1/log.txt,0.0,0.6000000000000014,-0.6000000000000014,True
caltech101,ucf101,2,48.4,third_party/CoOp_clean/output/xd/test/ucf101/source_caltech101/shots_16/CoOp/rn50_ep50/nctx16_cscFalse_ctpend/seed2/log.txt,48.5,third_party/CoOp_clean/output/xd/test/ucf101/source_caltech101/shots_16/CoOpPriorRes/rn50_ep50/nctx16_cscFalse_ctpend_safe_noalt/seed2/log.txt,48.9,third_party/CoOp_clean/output/xd/test/ucf101/source_caltech101/shots_16/CoOpPriorRes/rn50_ep50/nctx16_cscFalse_ctpend_legacy_noalt/seed2/log.txt,0.10000000000000142,0.5,-0.3999999999999986,True
caltech101,ucf101,3,47.9,third_party/CoOp_clean/output/xd/test/ucf101/source_caltech101/shots_16/CoOp/rn50_ep50/nctx16_cscFalse_ctpend/seed3/log.txt,51.8,third_party/CoOp_clean/output/xd/test/ucf101/source_caltech101/shots_16/CoOpPriorRes/rn50_ep50/nctx16_cscFalse_ctpend_safe_noalt/seed3/log.txt,49.2,third_party/CoOp_clean/output/xd/test/ucf101/source_caltech101/shots_16/CoOpPriorRes/rn50_ep50/nctx16_cscFalse_ctpend_legacy_noalt/seed3/log.txt,3.8999999999999986,1.3000000000000043,2.5999999999999943,True
caltech101,sun397,1,47.5,third_party/CoOp_clean/output/xd/test/sun397/source_caltech101/shots_16/CoOp/rn50_ep50/nctx16_cscFalse_ctpend/seed1/log.txt,49.0,third_party/CoOp_clean/output/xd/test/sun397/source_caltech101/shots_16/CoOpPriorRes/rn50_ep50/nctx16_cscFalse_ctpend_safe_noalt/seed1/log.txt,48.8,third_party/CoOp_clean/output/xd/test/sun397/source_caltech101/shots_16/CoOpPriorRes/rn50_ep50/nctx16_cscFalse_ctpend_legacy_noalt/seed1/log.txt,1.5,1.2999999999999972,0.20000000000000284,True
caltech101,sun397,2,48.8,third_party/CoOp_clean/output/xd/test/sun397/source_caltech101/shots_16/CoOp/rn50_ep50/nctx16_cscFalse_ctpend/seed2/log.txt,49.4,third_party/CoOp_clean/output/xd/test/sun397/source_caltech101/shots_16/CoOpPriorRes/rn50_ep50/nctx16_cscFalse_ctpend_safe_noalt/seed2/log.txt,49.5,third_party/CoOp_clean/output/xd/test/sun397/source_caltech101/shots_16/CoOpPriorRes/rn50_ep50/nctx16_cscFalse_ctpend_legacy_noalt/seed2/log.txt,0.6000000000000014,0.7000000000000028,-0.10000000000000142,True
caltech101,sun397,3,48.7,third_party/CoOp_clean/output/xd/test/sun397/source_caltech101/shots_16/CoOp/rn50_ep50/nctx16_cscFalse_ctpend/seed3/log.txt,48.3,third_party/CoOp_clean/output/xd/test/sun397/source_caltech101/shots_16/CoOpPriorRes/rn50_ep50/nctx16_cscFalse_ctpend_safe_noalt/seed3/log.txt,50.4,third_party/CoOp_clean/output/xd/test/sun397/source_caltech101/shots_16/CoOpPriorRes/rn50_ep50/nctx16_cscFalse_ctpend_legacy_noalt/seed3/log.txt,-0.4000000000000057,1.6999999999999957,-2.1000000000000014,True
food101,oxford_pets,1,57.2,third_party/CoOp_clean/output/xd/test/oxford_pets/source_food101/shots_16/CoOp/rn50_ep50/nctx16_cscFalse_ctpend/seed1/log.txt,46.4,third_party/CoOp_clean/output/xd/test/oxford_pets/source_food101/shots_16/CoOpPriorRes/rn50_ep50/nctx16_cscFalse_ctpend_safe_noalt/seed1/log.txt,47.3,third_party/CoOp_clean/output/xd/test/oxford_pets/source_food101/shots_16/CoOpPriorRes/rn50_ep50/nctx16_cscFalse_ctpend_legacy_noalt/seed1/log.txt,-10.800000000000004,-9.900000000000006,-0.8999999999999986,True
food101,oxford_pets,2,47.7,third_party/CoOp_clean/output/xd/test/oxford_pets/source_food101/shots_16/CoOp/rn50_ep50/nctx16_cscFalse_ctpend/seed2/log.txt,56.3,third_party/CoOp_clean/output/xd/test/oxford_pets/source_food101/shots_16/CoOpPriorRes/rn50_ep50/nctx16_cscFalse_ctpend_safe_noalt/seed2/log.txt,45.4,third_party/CoOp_clean/output/xd/test/oxford_pets/source_food101/shots_16/CoOpPriorRes/rn50_ep50/nctx16_cscFalse_ctpend_legacy_noalt/seed2/log.txt,8.599999999999994,-2.3000000000000043,10.899999999999999,True
food101,oxford_pets,3,63.4,third_party/CoOp_clean/output/xd/test/oxford_pets/source_food101/shots_16/CoOp/rn50_ep50/nctx16_cscFalse_ctpend/seed3/log.txt,48.4,third_party/CoOp_clean/output/xd/test/oxford_pets/source_food101/shots_16/CoOpPriorRes/rn50_ep50/nctx16_cscFalse_ctpend_safe_noalt/seed3/log.txt,57.1,third_party/CoOp_clean/output/xd/test/oxford_pets/source_food101/shots_16/CoOpPriorRes/rn50_ep50/nctx16_cscFalse_ctpend_legacy_noalt/seed3/log.txt,-15.0,-6.299999999999997,-8.700000000000003,True
food101,eurosat,1,33.1,third_party/CoOp_clean/output/xd/test/eurosat/source_food101/shots_16/CoOp/rn50_ep50/nctx16_cscFalse_ctpend/seed1/log.txt,19.1,third_party/CoOp_clean/output/xd/test/eurosat/source_food101/shots_16/CoOpPriorRes/rn50_ep50/nctx16_cscFalse_ctpend_safe_noalt/seed1/log.txt,19.2,third_party/CoOp_clean/output/xd/test/eurosat/source_food101/shots_16/CoOpPriorRes/rn50_ep50/nctx16_cscFalse_ctpend_legacy_noalt/seed1/log.txt,-14.0,-13.900000000000002,-0.09999999999999787,True
food101,eurosat,2,21.0,third_party/CoOp_clean/output/xd/test/eurosat/source_food101/shots_16/CoOp/rn50_ep50/nctx16_cscFalse_ctpend/seed2/log.txt,22.9,third_party/CoOp_clean/output/xd/test/eurosat/source_food101/shots_16/CoOpPriorRes/rn50_ep50/nctx16_cscFalse_ctpend_safe_noalt/seed2/log.txt,19.7,third_party/CoOp_clean/output/xd/test/eurosat/source_food101/shots_16/CoOpPriorRes/rn50_ep50/nctx16_cscFalse_ctpend_legacy_noalt/seed2/log.txt,1.8999999999999986,-1.3000000000000007,3.1999999999999993,True
food101,eurosat,3,17.6,third_party/CoOp_clean/output/xd/test/eurosat/source_food101/shots_16/CoOp/rn50_ep50/nctx16_cscFalse_ctpend/seed3/log.txt,24.1,third_party/CoOp_clean/output/xd/test/eurosat/source_food101/shots_16/CoOpPriorRes/rn50_ep50/nctx16_cscFalse_ctpend_safe_noalt/seed3/log.txt,24.9,third_party/CoOp_clean/output/xd/test/eurosat/source_food101/shots_16/CoOpPriorRes/rn50_ep50/nctx16_cscFalse_ctpend_legacy_noalt/seed3/log.txt,6.5,7.299999999999997,-0.7999999999999972,True
food101,dtd,1,26.6,third_party/CoOp_clean/output/xd/test/dtd/source_food101/shots_16/CoOp/rn50_ep50/nctx16_cscFalse_ctpend/seed1/log.txt,22.8,third_party/CoOp_clean/output/xd/test/dtd/source_food101/shots_16/CoOpPriorRes/rn50_ep50/nctx16_cscFalse_ctpend_safe_noalt/seed1/log.txt,22.5,third_party/CoOp_clean/output/xd/test/dtd/source_food101/shots_16/CoOpPriorRes/rn50_ep50/nctx16_cscFalse_ctpend_legacy_noalt/seed1/log.txt,-3.8000000000000007,-4.100000000000001,0.3000000000000007,True
food101,dtd,2,23.5,third_party/CoOp_clean/output/xd/test/dtd/source_food101/shots_16/CoOp/rn50_ep50/nctx16_cscFalse_ctpend/seed2/log.txt,21.0,third_party/CoOp_clean/output/xd/test/dtd/source_food101/shots_16/CoOpPriorRes/rn50_ep50/nctx16_cscFalse_ctpend_safe_noalt/seed2/log.txt,19.4,third_party/CoOp_clean/output/xd/test/dtd/source_food101/shots_16/CoOpPriorRes/rn50_ep50/nctx16_cscFalse_ctpend_legacy_noalt/seed2/log.txt,-2.5,-4.100000000000001,1.6000000000000014,True
food101,dtd,3,24.8,third_party/CoOp_clean/output/xd/test/dtd/source_food101/shots_16/CoOp/rn50_ep50/nctx16_cscFalse_ctpend/seed3/log.txt,21.3,third_party/CoOp_clean/output/xd/test/dtd/source_food101/shots_16/CoOpPriorRes/rn50_ep50/nctx16_cscFalse_ctpend_safe_noalt/seed3/log.txt,23.9,third_party/CoOp_clean/output/xd/test/dtd/source_food101/shots_16/CoOpPriorRes/rn50_ep50/nctx16_cscFalse_ctpend_legacy_noalt/seed3/log.txt,-3.5,-0.9000000000000021,-2.599999999999998,True
food101,oxford_flowers,1,43.2,third_party/CoOp_clean/output/xd/test/oxford_flowers/source_food101/shots_16/CoOp/rn50_ep50/nctx16_cscFalse_ctpend/seed1/log.txt,38.0,third_party/CoOp_clean/output/xd/test/oxford_flowers/source_food101/shots_16/CoOpPriorRes/rn50_ep50/nctx16_cscFalse_ctpend_safe_noalt/seed1/log.txt,40.1,third_party/CoOp_clean/output/xd/test/oxford_flowers/source_food101/shots_16/CoOpPriorRes/rn50_ep50/nctx16_cscFalse_ctpend_legacy_noalt/seed1/log.txt,-5.200000000000003,-3.1000000000000014,-2.1000000000000014,True
food101,oxford_flowers,2,38.4,third_party/CoOp_clean/output/xd/test/oxford_flowers/source_food101/shots_16/CoOp/rn50_ep50/nctx16_cscFalse_ctpend/seed2/log.txt,43.6,third_party/CoOp_clean/output/xd/test/oxford_flowers/source_food101/shots_16/CoOpPriorRes/rn50_ep50/nctx16_cscFalse_ctpend_safe_noalt/seed2/log.txt,43.9,third_party/CoOp_clean/output/xd/test/oxford_flowers/source_food101/shots_16/CoOpPriorRes/rn50_ep50/nctx16_cscFalse_ctpend_legacy_noalt/seed2/log.txt,5.200000000000003,5.5,-0.29999999999999716,True
food101,oxford_flowers,3,30.5,third_party/CoOp_clean/output/xd/test/oxford_flowers/source_food101/shots_16/CoOp/rn50_ep50/nctx16_cscFalse_ctpend/seed3/log.txt,34.9,third_party/CoOp_clean/output/xd/test/oxford_flowers/source_food101/shots_16/CoOpPriorRes/rn50_ep50/nctx16_cscFalse_ctpend_safe_noalt/seed3/log.txt,39.9,third_party/CoOp_clean/output/xd/test/oxford_flowers/source_food101/shots_16/CoOpPriorRes/rn50_ep50/nctx16_cscFalse_ctpend_legacy_noalt/seed3/log.txt,4.399999999999999,9.399999999999999,-5.0,True
food101,caltech101,1,66.3,third_party/CoOp_clean/output/xd/test/caltech101/source_food101/shots_16/CoOp/rn50_ep50/nctx16_cscFalse_ctpend/seed1/log.txt,72.7,third_party/CoOp_clean/output/xd/test/caltech101/source_food101/shots_16/CoOpPriorRes/rn50_ep50/nctx16_cscFalse_ctpend_safe_noalt/seed1/log.txt,74.0,third_party/CoOp_clean/output/xd/test/caltech101/source_food101/shots_16/CoOpPriorRes/rn50_ep50/nctx16_cscFalse_ctpend_legacy_noalt/seed1/log.txt,6.400000000000006,7.700000000000003,-1.2999999999999972,True
food101,caltech101,2,64.0,third_party/CoOp_clean/output/xd/test/caltech101/source_food101/shots_16/CoOp/rn50_ep50/nctx16_cscFalse_ctpend/seed2/log.txt,68.4,third_party/CoOp_clean/output/xd/test/caltech101/source_food101/shots_16/CoOpPriorRes/rn50_ep50/nctx16_cscFalse_ctpend_safe_noalt/seed2/log.txt,60.7,third_party/CoOp_clean/output/xd/test/caltech101/source_food101/shots_16/CoOpPriorRes/rn50_ep50/nctx16_cscFalse_ctpend_legacy_noalt/seed2/log.txt,4.400000000000006,-3.299999999999997,7.700000000000003,True
food101,caltech101,3,60.0,third_party/CoOp_clean/output/xd/test/caltech101/source_food101/shots_16/CoOp/rn50_ep50/nctx16_cscFalse_ctpend/seed3/log.txt,56.7,third_party/CoOp_clean/output/xd/test/caltech101/source_food101/shots_16/CoOpPriorRes/rn50_ep50/nctx16_cscFalse_ctpend_safe_noalt/seed3/log.txt,64.8,third_party/CoOp_clean/output/xd/test/caltech101/source_food101/shots_16/CoOpPriorRes/rn50_ep50/nctx16_cscFalse_ctpend_legacy_noalt/seed3/log.txt,-3.299999999999997,4.799999999999997,-8.099999999999994,True
food101,stanford_cars,1,46.6,third_party/CoOp_clean/output/xd/test/stanford_cars/source_food101/shots_16/CoOp/rn50_ep50/nctx16_cscFalse_ctpend/seed1/log.txt,48.5,third_party/CoOp_clean/output/xd/test/stanford_cars/source_food101/shots_16/CoOpPriorRes/rn50_ep50/nctx16_cscFalse_ctpend_safe_noalt/seed1/log.txt,48.0,third_party/CoOp_clean/output/xd/test/stanford_cars/source_food101/shots_16/CoOpPriorRes/rn50_ep50/nctx16_cscFalse_ctpend_legacy_noalt/seed1/log.txt,1.8999999999999986,1.3999999999999986,0.5,True
food101,stanford_cars,2,48.4,third_party/CoOp_clean/output/xd/test/stanford_cars/source_food101/shots_16/CoOp/rn50_ep50/nctx16_cscFalse_ctpend/seed2/log.txt,50.2,third_party/CoOp_clean/output/xd/test/stanford_cars/source_food101/shots_16/CoOpPriorRes/rn50_ep50/nctx16_cscFalse_ctpend_safe_noalt/seed2/log.txt,50.4,third_party/CoOp_clean/output/xd/test/stanford_cars/source_food101/shots_16/CoOpPriorRes/rn50_ep50/nctx16_cscFalse_ctpend_legacy_noalt/seed2/log.txt,1.8000000000000043,2.0,-0.19999999999999574,True
food101,stanford_cars,3,48.3,third_party/CoOp_clean/output/xd/test/stanford_cars/source_food101/shots_16/CoOp/rn50_ep50/nctx16_cscFalse_ctpend/seed3/log.txt,51.0,third_party/CoOp_clean/output/xd/test/stanford_cars/source_food101/shots_16/CoOpPriorRes/rn50_ep50/nctx16_cscFalse_ctpend_safe_noalt/seed3/log.txt,50.7,third_party/CoOp_clean/output/xd/test/stanford_cars/source_food101/shots_16/CoOpPriorRes/rn50_ep50/nctx16_cscFalse_ctpend_legacy_noalt/seed3/log.txt,2.700000000000003,2.4000000000000057,0.29999999999999716,True
food101,fgvc_aircraft,1,5.5,third_party/CoOp_clean/output/xd/test/fgvc_aircraft/source_food101/shots_16/CoOp/rn50_ep50/nctx16_cscFalse_ctpend/seed1/log.txt,5.3,third_party/CoOp_clean/output/xd/test/fgvc_aircraft/source_food101/shots_16/CoOpPriorRes/rn50_ep50/nctx16_cscFalse_ctpend_safe_noalt/seed1/log.txt,5.1,third_party/CoOp_clean/output/xd/test/fgvc_aircraft/source_food101/shots_16/CoOpPriorRes/rn50_ep50/nctx16_cscFalse_ctpend_legacy_noalt/seed1/log.txt,-0.20000000000000018,-0.40000000000000036,0.20000000000000018,True
food101,fgvc_aircraft,2,7.6,third_party/CoOp_clean/output/xd/test/fgvc_aircraft/source_food101/shots_16/CoOp/rn50_ep50/nctx16_cscFalse_ctpend/seed2/log.txt,6.2,third_party/CoOp_clean/output/xd/test/fgvc_aircraft/source_food101/shots_16/CoOpPriorRes/rn50_ep50/nctx16_cscFalse_ctpend_safe_noalt/seed2/log.txt,4.7,third_party/CoOp_clean/output/xd/test/fgvc_aircraft/source_food101/shots_16/CoOpPriorRes/rn50_ep50/nctx16_cscFalse_ctpend_legacy_noalt/seed2/log.txt,-1.3999999999999995,-2.8999999999999995,1.5,True
food101,fgvc_aircraft,3,5.4,third_party/CoOp_clean/output/xd/test/fgvc_aircraft/source_food101/shots_16/CoOp/rn50_ep50/nctx16_cscFalse_ctpend/seed3/log.txt,8.3,third_party/CoOp_clean/output/xd/test/fgvc_aircraft/source_food101/shots_16/CoOpPriorRes/rn50_ep50/nctx16_cscFalse_ctpend_safe_noalt/seed3/log.txt,7.1,third_party/CoOp_clean/output/xd/test/fgvc_aircraft/source_food101/shots_16/CoOpPriorRes/rn50_ep50/nctx16_cscFalse_ctpend_legacy_noalt/seed3/log.txt,2.9000000000000004,1.6999999999999993,1.200000000000001,True
food101,ucf101,1,47.1,third_party/CoOp_clean/output/xd/test/ucf101/source_food101/shots_16/CoOp/rn50_ep50/nctx16_cscFalse_ctpend/seed1/log.txt,47.2,third_party/CoOp_clean/output/xd/test/ucf101/source_food101/shots_16/CoOpPriorRes/rn50_ep50/nctx16_cscFalse_ctpend_safe_noalt/seed1/log.txt,48.3,third_party/CoOp_clean/output/xd/test/ucf101/source_food101/shots_16/CoOpPriorRes/rn50_ep50/nctx16_cscFalse_ctpend_legacy_noalt/seed1/log.txt,0.10000000000000142,1.1999999999999957,-1.0999999999999943,True
food101,ucf101,2,46.1,third_party/CoOp_clean/output/xd/test/ucf101/source_food101/shots_16/CoOp/rn50_ep50/nctx16_cscFalse_ctpend/seed2/log.txt,46.7,third_party/CoOp_clean/output/xd/test/ucf101/source_food101/shots_16/CoOpPriorRes/rn50_ep50/nctx16_cscFalse_ctpend_safe_noalt/seed2/log.txt,46.3,third_party/CoOp_clean/output/xd/test/ucf101/source_food101/shots_16/CoOpPriorRes/rn50_ep50/nctx16_cscFalse_ctpend_legacy_noalt/seed2/log.txt,0.6000000000000014,0.19999999999999574,0.4000000000000057,True
food101,ucf101,3,51.3,third_party/CoOp_clean/output/xd/test/ucf101/source_food101/shots_16/CoOp/rn50_ep50/nctx16_cscFalse_ctpend/seed3/log.txt,48.7,third_party/CoOp_clean/output/xd/test/ucf101/source_food101/shots_16/CoOpPriorRes/rn50_ep50/nctx16_cscFalse_ctpend_safe_noalt/seed3/log.txt,51.0,third_party/CoOp_clean/output/xd/test/ucf101/source_food101/shots_16/CoOpPriorRes/rn50_ep50/nctx16_cscFalse_ctpend_legacy_noalt/seed3/log.txt,-2.5999999999999943,-0.29999999999999716,-2.299999999999997,True
food101,sun397,1,41.8,third_party/CoOp_clean/output/xd/test/sun397/source_food101/shots_16/CoOp/rn50_ep50/nctx16_cscFalse_ctpend/seed1/log.txt,39.5,third_party/CoOp_clean/output/xd/test/sun397/source_food101/shots_16/CoOpPriorRes/rn50_ep50/nctx16_cscFalse_ctpend_safe_noalt/seed1/log.txt,40.5,third_party/CoOp_clean/output/xd/test/sun397/source_food101/shots_16/CoOpPriorRes/rn50_ep50/nctx16_cscFalse_ctpend_legacy_noalt/seed1/log.txt,-2.299999999999997,-1.2999999999999972,-1.0,True
food101,sun397,2,40.0,third_party/CoOp_clean/output/xd/test/sun397/source_food101/shots_16/CoOp/rn50_ep50/nctx16_cscFalse_ctpend/seed2/log.txt,39.9,third_party/CoOp_clean/output/xd/test/sun397/source_food101/shots_16/CoOpPriorRes/rn50_ep50/nctx16_cscFalse_ctpend_safe_noalt/seed2/log.txt,37.5,third_party/CoOp_clean/output/xd/test/sun397/source_food101/shots_16/CoOpPriorRes/rn50_ep50/nctx16_cscFalse_ctpend_legacy_noalt/seed2/log.txt,-0.10000000000000142,-2.5,2.3999999999999986,True
food101,sun397,3,34.2,third_party/CoOp_clean/output/xd/test/sun397/source_food101/shots_16/CoOp/rn50_ep50/nctx16_cscFalse_ctpend/seed3/log.txt,38.7,third_party/CoOp_clean/output/xd/test/sun397/source_food101/shots_16/CoOpPriorRes/rn50_ep50/nctx16_cscFalse_ctpend_safe_noalt/seed3/log.txt,38.1,third_party/CoOp_clean/output/xd/test/sun397/source_food101/shots_16/CoOpPriorRes/rn50_ep50/nctx16_cscFalse_ctpend_legacy_noalt/seed3/log.txt,4.5,3.8999999999999986,0.6000000000000014,True
sun397,oxford_pets,1,60.0,third_party/CoOp_clean/output/xd/test/oxford_pets/source_sun397/shots_16/CoOp/rn50_ep50/nctx16_cscFalse_ctpend/seed1/log.txt,58.7,third_party/CoOp_clean/output/xd/test/oxford_pets/source_sun397/shots_16/CoOpPriorRes/rn50_ep50/nctx16_cscFalse_ctpend_safe_noalt/seed1/log.txt,58.5,third_party/CoOp_clean/output/xd/test/oxford_pets/source_sun397/shots_16/CoOpPriorRes/rn50_ep50/nctx16_cscFalse_ctpend_legacy_noalt/seed1/log.txt,-1.2999999999999972,-1.5,0.20000000000000284,True
sun397,oxford_pets,2,54.2,third_party/CoOp_clean/output/xd/test/oxford_pets/source_sun397/shots_16/CoOp/rn50_ep50/nctx16_cscFalse_ctpend/seed2/log.txt,67.9,third_party/CoOp_clean/output/xd/test/oxford_pets/source_sun397/shots_16/CoOpPriorRes/rn50_ep50/nctx16_cscFalse_ctpend_safe_noalt/seed2/log.txt,48.8,third_party/CoOp_clean/output/xd/test/oxford_pets/source_sun397/shots_16/CoOpPriorRes/rn50_ep50/nctx16_cscFalse_ctpend_legacy_noalt/seed2/log.txt,13.700000000000003,-5.400000000000006,19.10000000000001,True
sun397,oxford_pets,3,58.7,third_party/CoOp_clean/output/xd/test/oxford_pets/source_sun397/shots_16/CoOp/rn50_ep50/nctx16_cscFalse_ctpend/seed3/log.txt,57.1,third_party/CoOp_clean/output/xd/test/oxford_pets/source_sun397/shots_16/CoOpPriorRes/rn50_ep50/nctx16_cscFalse_ctpend_safe_noalt/seed3/log.txt,56.0,third_party/CoOp_clean/output/xd/test/oxford_pets/source_sun397/shots_16/CoOpPriorRes/rn50_ep50/nctx16_cscFalse_ctpend_legacy_noalt/seed3/log.txt,-1.6000000000000014,-2.700000000000003,1.1000000000000014,True
sun397,eurosat,1,30.7,third_party/CoOp_clean/output/xd/test/eurosat/source_sun397/shots_16/CoOp/rn50_ep50/nctx16_cscFalse_ctpend/seed1/log.txt,25.9,third_party/CoOp_clean/output/xd/test/eurosat/source_sun397/shots_16/CoOpPriorRes/rn50_ep50/nctx16_cscFalse_ctpend_safe_noalt/seed1/log.txt,24.6,third_party/CoOp_clean/output/xd/test/eurosat/source_sun397/shots_16/CoOpPriorRes/rn50_ep50/nctx16_cscFalse_ctpend_legacy_noalt/seed1/log.txt,-4.800000000000001,-6.099999999999998,1.2999999999999972,True
sun397,eurosat,2,21.4,third_party/CoOp_clean/output/xd/test/eurosat/source_sun397/shots_16/CoOp/rn50_ep50/nctx16_cscFalse_ctpend/seed2/log.txt,25.4,third_party/CoOp_clean/output/xd/test/eurosat/source_sun397/shots_16/CoOpPriorRes/rn50_ep50/nctx16_cscFalse_ctpend_safe_noalt/seed2/log.txt,21.0,third_party/CoOp_clean/output/xd/test/eurosat/source_sun397/shots_16/CoOpPriorRes/rn50_ep50/nctx16_cscFalse_ctpend_legacy_noalt/seed2/log.txt,4.0,-0.3999999999999986,4.399999999999999,True
sun397,eurosat,3,27.7,third_party/CoOp_clean/output/xd/test/eurosat/source_sun397/shots_16/CoOp/rn50_ep50/nctx16_cscFalse_ctpend/seed3/log.txt,26.5,third_party/CoOp_clean/output/xd/test/eurosat/source_sun397/shots_16/CoOpPriorRes/rn50_ep50/nctx16_cscFalse_ctpend_safe_noalt/seed3/log.txt,27.5,third_party/CoOp_clean/output/xd/test/eurosat/source_sun397/shots_16/CoOpPriorRes/rn50_ep50/nctx16_cscFalse_ctpend_legacy_noalt/seed3/log.txt,-1.1999999999999993,-0.1999999999999993,-1.0,True
sun397,dtd,1,23.2,third_party/CoOp_clean/output/xd/test/dtd/source_sun397/shots_16/CoOp/rn50_ep50/nctx16_cscFalse_ctpend/seed1/log.txt,22.7,third_party/CoOp_clean/output/xd/test/dtd/source_sun397/shots_16/CoOpPriorRes/rn50_ep50/nctx16_cscFalse_ctpend_safe_noalt/seed1/log.txt,23.6,third_party/CoOp_clean/output/xd/test/dtd/source_sun397/shots_16/CoOpPriorRes/rn50_ep50/nctx16_cscFalse_ctpend_legacy_noalt/seed1/log.txt,-0.5,0.40000000000000213,-0.9000000000000021,True
sun397,dtd,2,23.5,third_party/CoOp_clean/output/xd/test/dtd/source_sun397/shots_16/CoOp/rn50_ep50/nctx16_cscFalse_ctpend/seed2/log.txt,26.0,third_party/CoOp_clean/output/xd/test/dtd/source_sun397/shots_16/CoOpPriorRes/rn50_ep50/nctx16_cscFalse_ctpend_safe_noalt/seed2/log.txt,24.4,third_party/CoOp_clean/output/xd/test/dtd/source_sun397/shots_16/CoOpPriorRes/rn50_ep50/nctx16_cscFalse_ctpend_legacy_noalt/seed2/log.txt,2.5,0.8999999999999986,1.6000000000000014,True
sun397,dtd,3,21.1,third_party/CoOp_clean/output/xd/test/dtd/source_sun397/shots_16/CoOp/rn50_ep50/nctx16_cscFalse_ctpend/seed3/log.txt,24.9,third_party/CoOp_clean/output/xd/test/dtd/source_sun397/shots_16/CoOpPriorRes/rn50_ep50/nctx16_cscFalse_ctpend_safe_noalt/seed3/log.txt,21.0,third_party/CoOp_clean/output/xd/test/dtd/source_sun397/shots_16/CoOpPriorRes/rn50_ep50/nctx16_cscFalse_ctpend_legacy_noalt/seed3/log.txt,3.799999999999997,-0.10000000000000142,3.8999999999999986,True
sun397,food101,1,63.3,third_party/CoOp_clean/output/xd/test/food101/source_sun397/shots_16/CoOp/rn50_ep50/nctx16_cscFalse_ctpend/seed1/log.txt,63.7,third_party/CoOp_clean/output/xd/test/food101/source_sun397/shots_16/CoOpPriorRes/rn50_ep50/nctx16_cscFalse_ctpend_safe_noalt/seed1/log.txt,63.1,third_party/CoOp_clean/output/xd/test/food101/source_sun397/shots_16/CoOpPriorRes/rn50_ep50/nctx16_cscFalse_ctpend_legacy_noalt/seed1/log.txt,0.4000000000000057,-0.19999999999999574,0.6000000000000014,True
sun397,food101,2,61.2,third_party/CoOp_clean/output/xd/test/food101/source_sun397/shots_16/CoOp/rn50_ep50/nctx16_cscFalse_ctpend/seed2/log.txt,63.5,third_party/CoOp_clean/output/xd/test/food101/source_sun397/shots_16/CoOpPriorRes/rn50_ep50/nctx16_cscFalse_ctpend_safe_noalt/seed2/log.txt,59.8,third_party/CoOp_clean/output/xd/test/food101/source_sun397/shots_16/CoOpPriorRes/rn50_ep50/nctx16_cscFalse_ctpend_legacy_noalt/seed2/log.txt,2.299999999999997,-1.4000000000000057,3.700000000000003,True
sun397,food101,3,59.2,third_party/CoOp_clean/output/xd/test/food101/source_sun397/shots_16/CoOp/rn50_ep50/nctx16_cscFalse_ctpend/seed3/log.txt,60.6,third_party/CoOp_clean/output/xd/test/food101/source_sun397/shots_16/CoOpPriorRes/rn50_ep50/nctx16_cscFalse_ctpend_safe_noalt/seed3/log.txt,58.3,third_party/CoOp_clean/output/xd/test/food101/source_sun397/shots_16/CoOpPriorRes/rn50_ep50/nctx16_cscFalse_ctpend_legacy_noalt/seed3/log.txt,1.3999999999999986,-0.9000000000000057,2.3000000000000043,True
sun397,oxford_flowers,1,37.0,third_party/CoOp_clean/output/xd/test/oxford_flowers/source_sun397/shots_16/CoOp/rn50_ep50/nctx16_cscFalse_ctpend/seed1/log.txt,40.9,third_party/CoOp_clean/output/xd/test/oxford_flowers/source_sun397/shots_16/CoOpPriorRes/rn50_ep50/nctx16_cscFalse_ctpend_safe_noalt/seed1/log.txt,41.6,third_party/CoOp_clean/output/xd/test/oxford_flowers/source_sun397/shots_16/CoOpPriorRes/rn50_ep50/nctx16_cscFalse_ctpend_legacy_noalt/seed1/log.txt,3.8999999999999986,4.600000000000001,-0.7000000000000028,True
sun397,oxford_flowers,2,41.1,third_party/CoOp_clean/output/xd/test/oxford_flowers/source_sun397/shots_16/CoOp/rn50_ep50/nctx16_cscFalse_ctpend/seed2/log.txt,40.2,third_party/CoOp_clean/output/xd/test/oxford_flowers/source_sun397/shots_16/CoOpPriorRes/rn50_ep50/nctx16_cscFalse_ctpend_safe_noalt/seed2/log.txt,40.1,third_party/CoOp_clean/output/xd/test/oxford_flowers/source_sun397/shots_16/CoOpPriorRes/rn50_ep50/nctx16_cscFalse_ctpend_legacy_noalt/seed2/log.txt,-0.8999999999999986,-1.0,0.10000000000000142,True
sun397,oxford_flowers,3,41.4,third_party/CoOp_clean/output/xd/test/oxford_flowers/source_sun397/shots_16/CoOp/rn50_ep50/nctx16_cscFalse_ctpend/seed3/log.txt,40.9,third_party/CoOp_clean/output/xd/test/oxford_flowers/source_sun397/shots_16/CoOpPriorRes/rn50_ep50/nctx16_cscFalse_ctpend_safe_noalt/seed3/log.txt,33.5,third_party/CoOp_clean/output/xd/test/oxford_flowers/source_sun397/shots_16/CoOpPriorRes/rn50_ep50/nctx16_cscFalse_ctpend_legacy_noalt/seed3/log.txt,-0.5,-7.899999999999999,7.399999999999999,True
sun397,caltech101,1,77.2,third_party/CoOp_clean/output/xd/test/caltech101/source_sun397/shots_16/CoOp/rn50_ep50/nctx16_cscFalse_ctpend/seed1/log.txt,81.9,third_party/CoOp_clean/output/xd/test/caltech101/source_sun397/shots_16/CoOpPriorRes/rn50_ep50/nctx16_cscFalse_ctpend_safe_noalt/seed1/log.txt,81.1,third_party/CoOp_clean/output/xd/test/caltech101/source_sun397/shots_16/CoOpPriorRes/rn50_ep50/nctx16_cscFalse_ctpend_legacy_noalt/seed1/log.txt,4.700000000000003,3.8999999999999915,0.8000000000000114,True
sun397,caltech101,2,77.9,third_party/CoOp_clean/output/xd/test/caltech101/source_sun397/shots_16/CoOp/rn50_ep50/nctx16_cscFalse_ctpend/seed2/log.txt,75.9,third_party/CoOp_clean/output/xd/test/caltech101/source_sun397/shots_16/CoOpPriorRes/rn50_ep50/nctx16_cscFalse_ctpend_safe_noalt/seed2/log.txt,72.0,third_party/CoOp_clean/output/xd/test/caltech101/source_sun397/shots_16/CoOpPriorRes/rn50_ep50/nctx16_cscFalse_ctpend_legacy_noalt/seed2/log.txt,-2.0,-5.900000000000006,3.9000000000000057,True
sun397,caltech101,3,64.1,third_party/CoOp_clean/output/xd/test/caltech101/source_sun397/shots_16/CoOp/rn50_ep50/nctx16_cscFalse_ctpend/seed3/log.txt,74.4,third_party/CoOp_clean/output/xd/test/caltech101/source_sun397/shots_16/CoOpPriorRes/rn50_ep50/nctx16_cscFalse_ctpend_safe_noalt/seed3/log.txt,74.2,third_party/CoOp_clean/output/xd/test/caltech101/source_sun397/shots_16/CoOpPriorRes/rn50_ep50/nctx16_cscFalse_ctpend_legacy_noalt/seed3/log.txt,10.300000000000011,10.100000000000009,0.20000000000000284,True
sun397,stanford_cars,1,51.2,third_party/CoOp_clean/output/xd/test/stanford_cars/source_sun397/shots_16/CoOp/rn50_ep50/nctx16_cscFalse_ctpend/seed1/log.txt,47.8,third_party/CoOp_clean/output/xd/test/stanford_cars/source_sun397/shots_16/CoOpPriorRes/rn50_ep50/nctx16_cscFalse_ctpend_safe_noalt/seed1/log.txt,47.6,third_party/CoOp_clean/output/xd/test/stanford_cars/source_sun397/shots_16/CoOpPriorRes/rn50_ep50/nctx16_cscFalse_ctpend_legacy_noalt/seed1/log.txt,-3.4000000000000057,-3.6000000000000014,0.19999999999999574,True
sun397,stanford_cars,2,45.7,third_party/CoOp_clean/output/xd/test/stanford_cars/source_sun397/shots_16/CoOp/rn50_ep50/nctx16_cscFalse_ctpend/seed2/log.txt,48.0,third_party/CoOp_clean/output/xd/test/stanford_cars/source_sun397/shots_16/CoOpPriorRes/rn50_ep50/nctx16_cscFalse_ctpend_safe_noalt/seed2/log.txt,46.9,third_party/CoOp_clean/output/xd/test/stanford_cars/source_sun397/shots_16/CoOpPriorRes/rn50_ep50/nctx16_cscFalse_ctpend_legacy_noalt/seed2/log.txt,2.299999999999997,1.1999999999999957,1.1000000000000014,True
sun397,stanford_cars,3,49.3,third_party/CoOp_clean/output/xd/test/stanford_cars/source_sun397/shots_16/CoOp/rn50_ep50/nctx16_cscFalse_ctpend/seed3/log.txt,44.9,third_party/CoOp_clean/output/xd/test/stanford_cars/source_sun397/shots_16/CoOpPriorRes/rn50_ep50/nctx16_cscFalse_ctpend_safe_noalt/seed3/log.txt,45.9,third_party/CoOp_clean/output/xd/test/stanford_cars/source_sun397/shots_16/CoOpPriorRes/rn50_ep50/nctx16_cscFalse_ctpend_legacy_noalt/seed3/log.txt,-4.399999999999999,-3.3999999999999986,-1.0,True
sun397,fgvc_aircraft,1,9.5,third_party/CoOp_clean/output/xd/test/fgvc_aircraft/source_sun397/shots_16/CoOp/rn50_ep50/nctx16_cscFalse_ctpend/seed1/log.txt,10.6,third_party/CoOp_clean/output/xd/test/fgvc_aircraft/source_sun397/shots_16/CoOpPriorRes/rn50_ep50/nctx16_cscFalse_ctpend_safe_noalt/seed1/log.txt,9.9,third_party/CoOp_clean/output/xd/test/fgvc_aircraft/source_sun397/shots_16/CoOpPriorRes/rn50_ep50/nctx16_cscFalse_ctpend_legacy_noalt/seed1/log.txt,1.0999999999999996,0.40000000000000036,0.6999999999999993,True
sun397,fgvc_aircraft,2,8.3,third_party/CoOp_clean/output/xd/test/fgvc_aircraft/source_sun397/shots_16/CoOp/rn50_ep50/nctx16_cscFalse_ctpend/seed2/log.txt,7.3,third_party/CoOp_clean/output/xd/test/fgvc_aircraft/source_sun397/shots_16/CoOpPriorRes/rn50_ep50/nctx16_cscFalse_ctpend_safe_noalt/seed2/log.txt,6.1,third_party/CoOp_clean/output/xd/test/fgvc_aircraft/source_sun397/shots_16/CoOpPriorRes/rn50_ep50/nctx16_cscFalse_ctpend_legacy_noalt/seed2/log.txt,-1.0000000000000009,-2.200000000000001,1.2000000000000002,True
sun397,fgvc_aircraft,3,10.3,third_party/CoOp_clean/output/xd/test/fgvc_aircraft/source_sun397/shots_16/CoOp/rn50_ep50/nctx16_cscFalse_ctpend/seed3/log.txt,7.1,third_party/CoOp_clean/output/xd/test/fgvc_aircraft/source_sun397/shots_16/CoOpPriorRes/rn50_ep50/nctx16_cscFalse_ctpend_safe_noalt/seed3/log.txt,6.7,third_party/CoOp_clean/output/xd/test/fgvc_aircraft/source_sun397/shots_16/CoOpPriorRes/rn50_ep50/nctx16_cscFalse_ctpend_legacy_noalt/seed3/log.txt,-3.200000000000001,-3.6000000000000005,0.39999999999999947,True
sun397,ucf101,1,50.3,third_party/CoOp_clean/output/xd/test/ucf101/source_sun397/shots_16/CoOp/rn50_ep50/nctx16_cscFalse_ctpend/seed1/log.txt,48.3,third_party/CoOp_clean/output/xd/test/ucf101/source_sun397/shots_16/CoOpPriorRes/rn50_ep50/nctx16_cscFalse_ctpend_safe_noalt/seed1/log.txt,47.4,third_party/CoOp_clean/output/xd/test/ucf101/source_sun397/shots_16/CoOpPriorRes/rn50_ep50/nctx16_cscFalse_ctpend_legacy_noalt/seed1/log.txt,-2.0,-2.8999999999999986,0.8999999999999986,True
sun397,ucf101,2,46.0,third_party/CoOp_clean/output/xd/test/ucf101/source_sun397/shots_16/CoOp/rn50_ep50/nctx16_cscFalse_ctpend/seed2/log.txt,50.9,third_party/CoOp_clean/output/xd/test/ucf101/source_sun397/shots_16/CoOpPriorRes/rn50_ep50/nctx16_cscFalse_ctpend_safe_noalt/seed2/log.txt,43.3,third_party/CoOp_clean/output/xd/test/ucf101/source_sun397/shots_16/CoOpPriorRes/rn50_ep50/nctx16_cscFalse_ctpend_legacy_noalt/seed2/log.txt,4.899999999999999,-2.700000000000003,7.600000000000001,True
sun397,ucf101,3,48.5,third_party/CoOp_clean/output/xd/test/ucf101/source_sun397/shots_16/CoOp/rn50_ep50/nctx16_cscFalse_ctpend/seed3/log.txt,50.2,third_party/CoOp_clean/output/xd/test/ucf101/source_sun397/shots_16/CoOpPriorRes/rn50_ep50/nctx16_cscFalse_ctpend_safe_noalt/seed3/log.txt,44.2,third_party/CoOp_clean/output/xd/test/ucf101/source_sun397/shots_16/CoOpPriorRes/rn50_ep50/nctx16_cscFalse_ctpend_legacy_noalt/seed3/log.txt,1.7000000000000028,-4.299999999999997,6.0,True
oxford_pets,eurosat,1,21.2,third_party/CoOp_clean/output/xd/test/eurosat/source_oxford_pets/shots_16/CoOp/rn50_ep50/nctx16_cscFalse_ctpend/seed1/log.txt,14.4,third_party/CoOp_clean/output/xd/test/eurosat/source_oxford_pets/shots_16/CoOpPriorRes/rn50_ep50/nctx16_cscFalse_ctpend_safe_noalt/seed1/log.txt,14.7,third_party/CoOp_clean/output/xd/test/eurosat/source_oxford_pets/shots_16/CoOpPriorRes/rn50_ep50/nctx16_cscFalse_ctpend_legacy_noalt/seed1/log.txt,-6.799999999999999,-6.5,-0.29999999999999893,True
oxford_pets,eurosat,2,26.7,third_party/CoOp_clean/output/xd/test/eurosat/source_oxford_pets/shots_16/CoOp/rn50_ep50/nctx16_cscFalse_ctpend/seed2/log.txt,19.7,third_party/CoOp_clean/output/xd/test/eurosat/source_oxford_pets/shots_16/CoOpPriorRes/rn50_ep50/nctx16_cscFalse_ctpend_safe_noalt/seed2/log.txt,19.8,third_party/CoOp_clean/output/xd/test/eurosat/source_oxford_pets/shots_16/CoOpPriorRes/rn50_ep50/nctx16_cscFalse_ctpend_legacy_noalt/seed2/log.txt,-7.0,-6.899999999999999,-0.10000000000000142,True
oxford_pets,eurosat,3,19.7,third_party/CoOp_clean/output/xd/test/eurosat/source_oxford_pets/shots_16/CoOp/rn50_ep50/nctx16_cscFalse_ctpend/seed3/log.txt,24.2,third_party/CoOp_clean/output/xd/test/eurosat/source_oxford_pets/shots_16/CoOpPriorRes/rn50_ep50/nctx16_cscFalse_ctpend_safe_noalt/seed3/log.txt,23.6,third_party/CoOp_clean/output/xd/test/eurosat/source_oxford_pets/shots_16/CoOpPriorRes/rn50_ep50/nctx16_cscFalse_ctpend_legacy_noalt/seed3/log.txt,4.5,3.900000000000002,0.5999999999999979,True
oxford_pets,dtd,1,20.6,third_party/CoOp_clean/output/xd/test/dtd/source_oxford_pets/shots_16/CoOp/rn50_ep50/nctx16_cscFalse_ctpend/seed1/log.txt,23.1,third_party/CoOp_clean/output/xd/test/dtd/source_oxford_pets/shots_16/CoOpPriorRes/rn50_ep50/nctx16_cscFalse_ctpend_safe_noalt/seed1/log.txt,23.5,third_party/CoOp_clean/output/xd/test/dtd/source_oxford_pets/shots_16/CoOpPriorRes/rn50_ep50/nctx16_cscFalse_ctpend_legacy_noalt/seed1/log.txt,2.5,2.8999999999999986,-0.3999999999999986,True
oxford_pets,dtd,2,21.3,third_party/CoOp_clean/output/xd/test/dtd/source_oxford_pets/shots_16/CoOp/rn50_ep50/nctx16_cscFalse_ctpend/seed2/log.txt,24.6,third_party/CoOp_clean/output/xd/test/dtd/source_oxford_pets/shots_16/CoOpPriorRes/rn50_ep50/nctx16_cscFalse_ctpend_safe_noalt/seed2/log.txt,24.2,third_party/CoOp_clean/output/xd/test/dtd/source_oxford_pets/shots_16/CoOpPriorRes/rn50_ep50/nctx16_cscFalse_ctpend_legacy_noalt/seed2/log.txt,3.3000000000000007,2.8999999999999986,0.40000000000000213,True
oxford_pets,dtd,3,24.2,third_party/CoOp_clean/output/xd/test/dtd/source_oxford_pets/shots_16/CoOp/rn50_ep50/nctx16_cscFalse_ctpend/seed3/log.txt,24.0,third_party/CoOp_clean/output/xd/test/dtd/source_oxford_pets/shots_16/CoOpPriorRes/rn50_ep50/nctx16_cscFalse_ctpend_safe_noalt/seed3/log.txt,23.9,third_party/CoOp_clean/output/xd/test/dtd/source_oxford_pets/shots_16/CoOpPriorRes/rn50_ep50/nctx16_cscFalse_ctpend_legacy_noalt/seed3/log.txt,-0.1999999999999993,-0.3000000000000007,0.10000000000000142,True
oxford_pets,food101,1,35.7,third_party/CoOp_clean/output/xd/test/food101/source_oxford_pets/shots_16/CoOp/rn50_ep50/nctx16_cscFalse_ctpend/seed1/log.txt,42.5,third_party/CoOp_clean/output/xd/test/food101/source_oxford_pets/shots_16/CoOpPriorRes/rn50_ep50/nctx16_cscFalse_ctpend_safe_noalt/seed1/log.txt,41.4,third_party/CoOp_clean/output/xd/test/food101/source_oxford_pets/shots_16/CoOpPriorRes/rn50_ep50/nctx16_cscFalse_ctpend_legacy_noalt/seed1/log.txt,6.799999999999997,5.699999999999996,1.1000000000000014,True
oxford_pets,food101,2,36.1,third_party/CoOp_clean/output/xd/test/food101/source_oxford_pets/shots_16/CoOp/rn50_ep50/nctx16_cscFalse_ctpend/seed2/log.txt,52.8,third_party/CoOp_clean/output/xd/test/food101/source_oxford_pets/shots_16/CoOpPriorRes/rn50_ep50/nctx16_cscFalse_ctpend_safe_noalt/seed2/log.txt,52.7,third_party/CoOp_clean/output/xd/test/food101/source_oxford_pets/shots_16/CoOpPriorRes/rn50_ep50/nctx16_cscFalse_ctpend_legacy_noalt/seed2/log.txt,16.699999999999996,16.6,0.09999999999999432,True
oxford_pets,food101,3,67.8,third_party/CoOp_clean/output/xd/test/food101/source_oxford_pets/shots_16/CoOp/rn50_ep50/nctx16_cscFalse_ctpend/seed3/log.txt,58.0,third_party/CoOp_clean/output/xd/test/food101/source_oxford_pets/shots_16/CoOpPriorRes/rn50_ep50/nctx16_cscFalse_ctpend_safe_noalt/seed3/log.txt,57.7,third_party/CoOp_clean/output/xd/test/food101/source_oxford_pets/shots_16/CoOpPriorRes/rn50_ep50/nctx16_cscFalse_ctpend_legacy_noalt/seed3/log.txt,-9.799999999999997,-10.099999999999994,0.29999999999999716,True
oxford_pets,oxford_flowers,1,31.0,third_party/CoOp_clean/output/xd/test/oxford_flowers/source_oxford_pets/shots_16/CoOp/rn50_ep50/nctx16_cscFalse_ctpend/seed1/log.txt,34.1,third_party/CoOp_clean/output/xd/test/oxford_flowers/source_oxford_pets/shots_16/CoOpPriorRes/rn50_ep50/nctx16_cscFalse_ctpend_safe_noalt/seed1/log.txt,33.0,third_party/CoOp_clean/output/xd/test/oxford_flowers/source_oxford_pets/shots_16/CoOpPriorRes/rn50_ep50/nctx16_cscFalse_ctpend_legacy_noalt/seed1/log.txt,3.1000000000000014,2.0,1.1000000000000014,True
oxford_pets,oxford_flowers,2,39.7,third_party/CoOp_clean/output/xd/test/oxford_flowers/source_oxford_pets/shots_16/CoOp/rn50_ep50/nctx16_cscFalse_ctpend/seed2/log.txt,44.8,third_party/CoOp_clean/output/xd/test/oxford_flowers/source_oxford_pets/shots_16/CoOpPriorRes/rn50_ep50/nctx16_cscFalse_ctpend_safe_noalt/seed2/log.txt,44.8,third_party/CoOp_clean/output/xd/test/oxford_flowers/source_oxford_pets/shots_16/CoOpPriorRes/rn50_ep50/nctx16_cscFalse_ctpend_legacy_noalt/seed2/log.txt,5.099999999999994,5.099999999999994,0.0,True
oxford_pets,oxford_flowers,3,50.3,third_party/CoOp_clean/output/xd/test/oxford_flowers/source_oxford_pets/shots_16/CoOp/rn50_ep50/nctx16_cscFalse_ctpend/seed3/log.txt,50.6,third_party/CoOp_clean/output/xd/test/oxford_flowers/source_oxford_pets/shots_16/CoOpPriorRes/rn50_ep50/nctx16_cscFalse_ctpend_safe_noalt/seed3/log.txt,50.3,third_party/CoOp_clean/output/xd/test/oxford_flowers/source_oxford_pets/shots_16/CoOpPriorRes/rn50_ep50/nctx16_cscFalse_ctpend_legacy_noalt/seed3/log.txt,0.30000000000000426,0.0,0.30000000000000426,True
oxford_pets,caltech101,1,58.5,third_party/CoOp_clean/output/xd/test/caltech101/source_oxford_pets/shots_16/CoOp/rn50_ep50/nctx16_cscFalse_ctpend/seed1/log.txt,66.2,third_party/CoOp_clean/output/xd/test/caltech101/source_oxford_pets/shots_16/CoOpPriorRes/rn50_ep50/nctx16_cscFalse_ctpend_safe_noalt/seed1/log.txt,66.2,third_party/CoOp_clean/output/xd/test/caltech101/source_oxford_pets/shots_16/CoOpPriorRes/rn50_ep50/nctx16_cscFalse_ctpend_legacy_noalt/seed1/log.txt,7.700000000000003,7.700000000000003,0.0,True
oxford_pets,caltech101,2,71.6,third_party/CoOp_clean/output/xd/test/caltech101/source_oxford_pets/shots_16/CoOp/rn50_ep50/nctx16_cscFalse_ctpend/seed2/log.txt,74.0,third_party/CoOp_clean/output/xd/test/caltech101/source_oxford_pets/shots_16/CoOpPriorRes/rn50_ep50/nctx16_cscFalse_ctpend_safe_noalt/seed2/log.txt,74.2,third_party/CoOp_clean/output/xd/test/caltech101/source_oxford_pets/shots_16/CoOpPriorRes/rn50_ep50/nctx16_cscFalse_ctpend_legacy_noalt/seed2/log.txt,2.4000000000000057,2.6000000000000085,-0.20000000000000284,True
oxford_pets,caltech101,3,78.1,third_party/CoOp_clean/output/xd/test/caltech101/source_oxford_pets/shots_16/CoOp/rn50_ep50/nctx16_cscFalse_ctpend/seed3/log.txt,73.2,third_party/CoOp_clean/output/xd/test/caltech101/source_oxford_pets/shots_16/CoOpPriorRes/rn50_ep50/nctx16_cscFalse_ctpend_safe_noalt/seed3/log.txt,72.8,third_party/CoOp_clean/output/xd/test/caltech101/source_oxford_pets/shots_16/CoOpPriorRes/rn50_ep50/nctx16_cscFalse_ctpend_legacy_noalt/seed3/log.txt,-4.8999999999999915,-5.299999999999997,0.4000000000000057,True
oxford_pets,stanford_cars,1,42.5,third_party/CoOp_clean/output/xd/test/stanford_cars/source_oxford_pets/shots_16/CoOp/rn50_ep50/nctx16_cscFalse_ctpend/seed1/log.txt,44.1,third_party/CoOp_clean/output/xd/test/stanford_cars/source_oxford_pets/shots_16/CoOpPriorRes/rn50_ep50/nctx16_cscFalse_ctpend_safe_noalt/seed1/log.txt,44.4,third_party/CoOp_clean/output/xd/test/stanford_cars/source_oxford_pets/shots_16/CoOpPriorRes/rn50_ep50/nctx16_cscFalse_ctpend_legacy_noalt/seed1/log.txt,1.6000000000000014,1.8999999999999986,-0.29999999999999716,True
oxford_pets,stanford_cars,2,45.8,third_party/CoOp_clean/output/xd/test/stanford_cars/source_oxford_pets/shots_16/CoOp/rn50_ep50/nctx16_cscFalse_ctpend/seed2/log.txt,47.8,third_party/CoOp_clean/output/xd/test/stanford_cars/source_oxford_pets/shots_16/CoOpPriorRes/rn50_ep50/nctx16_cscFalse_ctpend_safe_noalt/seed2/log.txt,47.6,third_party/CoOp_clean/output/xd/test/stanford_cars/source_oxford_pets/shots_16/CoOpPriorRes/rn50_ep50/nctx16_cscFalse_ctpend_legacy_noalt/seed2/log.txt,2.0,1.8000000000000043,0.19999999999999574,True
oxford_pets,stanford_cars,3,44.8,third_party/CoOp_clean/output/xd/test/stanford_cars/source_oxford_pets/shots_16/CoOp/rn50_ep50/nctx16_cscFalse_ctpend/seed3/log.txt,49.2,third_party/CoOp_clean/output/xd/test/stanford_cars/source_oxford_pets/shots_16/CoOpPriorRes/rn50_ep50/nctx16_cscFalse_ctpend_safe_noalt/seed3/log.txt,49.2,third_party/CoOp_clean/output/xd/test/stanford_cars/source_oxford_pets/shots_16/CoOpPriorRes/rn50_ep50/nctx16_cscFalse_ctpend_legacy_noalt/seed3/log.txt,4.400000000000006,4.400000000000006,0.0,True
oxford_pets,fgvc_aircraft,1,5.3,third_party/CoOp_clean/output/xd/test/fgvc_aircraft/source_oxford_pets/shots_16/CoOp/rn50_ep50/nctx16_cscFalse_ctpend/seed1/log.txt,4.9,third_party/CoOp_clean/output/xd/test/fgvc_aircraft/source_oxford_pets/shots_16/CoOpPriorRes/rn50_ep50/nctx16_cscFalse_ctpend_safe_noalt/seed1/log.txt,4.9,third_party/CoOp_clean/output/xd/test/fgvc_aircraft/source_oxford_pets/shots_16/CoOpPriorRes/rn50_ep50/nctx16_cscFalse_ctpend_legacy_noalt/seed1/log.txt,-0.39999999999999947,-0.39999999999999947,0.0,True
oxford_pets,fgvc_aircraft,2,4.2,third_party/CoOp_clean/output/xd/test/fgvc_aircraft/source_oxford_pets/shots_16/CoOp/rn50_ep50/nctx16_cscFalse_ctpend/seed2/log.txt,6.5,third_party/CoOp_clean/output/xd/test/fgvc_aircraft/source_oxford_pets/shots_16/CoOpPriorRes/rn50_ep50/nctx16_cscFalse_ctpend_safe_noalt/seed2/log.txt,6.8,third_party/CoOp_clean/output/xd/test/fgvc_aircraft/source_oxford_pets/shots_16/CoOpPriorRes/rn50_ep50/nctx16_cscFalse_ctpend_legacy_noalt/seed2/log.txt,2.3,2.5999999999999996,-0.2999999999999998,True
oxford_pets,fgvc_aircraft,3,7.6,third_party/CoOp_clean/output/xd/test/fgvc_aircraft/source_oxford_pets/shots_16/CoOp/rn50_ep50/nctx16_cscFalse_ctpend/seed3/log.txt,10.1,third_party/CoOp_clean/output/xd/test/fgvc_aircraft/source_oxford_pets/shots_16/CoOpPriorRes/rn50_ep50/nctx16_cscFalse_ctpend_safe_noalt/seed3/log.txt,10.2,third_party/CoOp_clean/output/xd/test/fgvc_aircraft/source_oxford_pets/shots_16/CoOpPriorRes/rn50_ep50/nctx16_cscFalse_ctpend_legacy_noalt/seed3/log.txt,2.5,2.5999999999999996,-0.09999999999999964,True
oxford_pets,ucf101,1,38.7,third_party/CoOp_clean/output/xd/test/ucf101/source_oxford_pets/shots_16/CoOp/rn50_ep50/nctx16_cscFalse_ctpend/seed1/log.txt,44.9,third_party/CoOp_clean/output/xd/test/ucf101/source_oxford_pets/shots_16/CoOpPriorRes/rn50_ep50/nctx16_cscFalse_ctpend_safe_noalt/seed1/log.txt,44.6,third_party/CoOp_clean/output/xd/test/ucf101/source_oxford_pets/shots_16/CoOpPriorRes/rn50_ep50/nctx16_cscFalse_ctpend_legacy_noalt/seed1/log.txt,6.199999999999996,5.899999999999999,0.29999999999999716,True
oxford_pets,ucf101,2,36.6,third_party/CoOp_clean/output/xd/test/ucf101/source_oxford_pets/shots_16/CoOp/rn50_ep50/nctx16_cscFalse_ctpend/seed2/log.txt,40.5,third_party/CoOp_clean/output/xd/test/ucf101/source_oxford_pets/shots_16/CoOpPriorRes/rn50_ep50/nctx16_cscFalse_ctpend_safe_noalt/seed2/log.txt,40.2,third_party/CoOp_clean/output/xd/test/ucf101/source_oxford_pets/shots_16/CoOpPriorRes/rn50_ep50/nctx16_cscFalse_ctpend_legacy_noalt/seed2/log.txt,3.8999999999999986,3.6000000000000014,0.29999999999999716,True
oxford_pets,ucf101,3,41.2,third_party/CoOp_clean/output/xd/test/ucf101/source_oxford_pets/shots_16/CoOp/rn50_ep50/nctx16_cscFalse_ctpend/seed3/log.txt,42.0,third_party/CoOp_clean/output/xd/test/ucf101/source_oxford_pets/shots_16/CoOpPriorRes/rn50_ep50/nctx16_cscFalse_ctpend_safe_noalt/seed3/log.txt,42.2,third_party/CoOp_clean/output/xd/test/ucf101/source_oxford_pets/shots_16/CoOpPriorRes/rn50_ep50/nctx16_cscFalse_ctpend_legacy_noalt/seed3/log.txt,0.7999999999999972,1.0,-0.20000000000000284,True
oxford_pets,sun397,1,32.8,third_party/CoOp_clean/output/xd/test/sun397/source_oxford_pets/shots_16/CoOp/rn50_ep50/nctx16_cscFalse_ctpend/seed1/log.txt,33.7,third_party/CoOp_clean/output/xd/test/sun397/source_oxford_pets/shots_16/CoOpPriorRes/rn50_ep50/nctx16_cscFalse_ctpend_safe_noalt/seed1/log.txt,33.2,third_party/CoOp_clean/output/xd/test/sun397/source_oxford_pets/shots_16/CoOpPriorRes/rn50_ep50/nctx16_cscFalse_ctpend_legacy_noalt/seed1/log.txt,0.9000000000000057,0.4000000000000057,0.5,True
oxford_pets,sun397,2,34.5,third_party/CoOp_clean/output/xd/test/sun397/source_oxford_pets/shots_16/CoOp/rn50_ep50/nctx16_cscFalse_ctpend/seed2/log.txt,38.7,third_party/CoOp_clean/output/xd/test/sun397/source_oxford_pets/shots_16/CoOpPriorRes/rn50_ep50/nctx16_cscFalse_ctpend_safe_noalt/seed2/log.txt,39.0,third_party/CoOp_clean/output/xd/test/sun397/source_oxford_pets/shots_16/CoOpPriorRes/rn50_ep50/nctx16_cscFalse_ctpend_legacy_noalt/seed2/log.txt,4.200000000000003,4.5,-0.29999999999999716,True
oxford_pets,sun397,3,40.0,third_party/CoOp_clean/output/xd/test/sun397/source_oxford_pets/shots_16/CoOp/rn50_ep50/nctx16_cscFalse_ctpend/seed3/log.txt,41.5,third_party/CoOp_clean/output/xd/test/sun397/source_oxford_pets/shots_16/CoOpPriorRes/rn50_ep50/nctx16_cscFalse_ctpend_safe_noalt/seed3/log.txt,41.4,third_party/CoOp_clean/output/xd/test/sun397/source_oxford_pets/shots_16/CoOpPriorRes/rn50_ep50/nctx16_cscFalse_ctpend_legacy_noalt/seed3/log.txt,1.5,1.3999999999999986,0.10000000000000142,True
